file,bytes,sha256
data/protocol/gates.csv,5333,a8b45de7bf109bb6786e23a995daedf689509b5115ee7db93f92f5d455e54518
data/protocol/locks.json,9647,50418a4f8106ba191c205f963f98deba27050a84e7ce5d50e2ea77770bc73f36
data/protocol/session.json,727,3d866077691a39013f048c4b8f99e5c4ffae8ace29ea5d277c12154fdbb8f454
data/results/analog_kernel_check/cells.csv,799,6b42a3eec071d0e32c393b4e50b21257840e5c1a7a348dd638c7959373d6f7ad
data/results/analog_kernel_check/summary.json,2141,c09d4cb74046ab5feea9537aa8679a451bcf6e034192737be764c05efc3d4dae
data/results/clip_sweep_512/adc4_chance/summary.json,1141,f624d4170603b317abd255fce00cb56b5d351f998ca88f598aa9bf19b7ffcaee
data/results/clip_sweep_512/resnet18_c100_s5678/cells.csv,399,a8c6b3635181ab372d8d8b43c114773a214db91b4de8b2fd06fe6af1d00a1efc
data/results/clip_sweep_512/resnet18_c100_s5678/summary.json,310,4c3cc7f77c867e2032e445b059303a025ecd27a0f3761ffdbacdacb50174fb26
data/results/clip_sweep_512/vgg8_a/cells.csv,423,ca52355e6e32fcdb5dc8011baaa8a0f6f67e2727f74d25c7b5ce779a646c1f6f
data/results/clip_sweep_512/vgg8_a/summary.json,269,59ac9f0bec19a6fc1879248d0cc7822a64e639fa452f2f665d31deba498c1aac
data/results/clip_sweep_512/vgg8_b/cells.csv,397,80ad5e62b7ee79d2269ddc63e135573623ebab8f0e97272c1b1f29efab8db510
data/results/clip_sweep_512/vgg8_b/summary.json,300,3b49ab29d373db84955d199fa225223519ff18d91a88e5dfab8eca44d42073d2
data/results/fp32_ceilings/resnet18_cifar100_fp32.json,634,7ae1cf50f3bcb5dcba8860e08377bd605f26eceaed616655a49dbe64d766f9c4
data/results/fp32_ceilings/resnet18_ckpt_hunt.json,1441,1ce952614386398bfedbcdf108c660e2846e7445656a18e5783345e1314ccfb6
data/results/fp32_ceilings/vgg8_cifar10_fp32.json,323,26482604c32bbee81f65e162964f77fa51fce49b0edf5ed0f92a2566381e469f
data/results/fp32_ceilings/vgg8_cifar10_fp32_clean.json,582,c1067a5e121778601fd95eb2c985d0037043ee723e1991c4240e6425e9ada8d4
data/results/fulltest10k/c10/logits_resnet_c10_5678_n10000.pt,882407,018162a769cf9b1554f6a97343e2a153af13b15297b1e545829ca331f77ebb6a
data/results/fulltest10k/c10/logits_resnet_c10_5678_n10000_per_image.csv,158948,2c898623af146e4f5d28977d1880496c6a1a0ab98461a8a9e00899bd8e8add3e
data/results/fulltest10k/c10/logits_resnet_c10_p3_n10000.pt,882389,f3dad660d4947a9097c703ca3f15e006c4ccd5d26ea38d4bc478d6061ecfdd9f
data/results/fulltest10k/c10/logits_resnet_c10_p3_n10000_per_image.csv,158948,51f988320a2bc0b9baf953f5648afd39f46bec759ec1dbfbde01577edeb67e60
data/results/fulltest10k/c10/logits_vgg8_2nd_n10000.pt,882344,0473f084c6890beb641b43ea5313103debb80d81a13cd06ddddb854d0fdb0b4f
data/results/fulltest10k/c10/logits_vgg8_2nd_n10000_per_image.csv,158948,dcc9d47ad3b365cd60daaa3c466eb534a4fb13cd4c39cecd34545ce66926e885
data/results/fulltest10k/c10/logits_vgg8_p3_n10000.pt,882271,66c0778bba86c5db7db8908d2bed3e18c9551de57bb5f7f52a39b1c6955e5c4d
data/results/fulltest10k/c10/logits_vgg8_p3_n10000_per_image.csv,158948,b0f6b26bc46031148a3fc59a62603342c44d2c5d53b1eb1824bc1b898189d880
data/results/fulltest10k/c10/summary.json,4182,0ff89a0d85f7008683e763e7e2152d24b315edbcfbce9836afca744a5a682aa1
data/results/fulltest10k/c100/logits_P4_n10000.pt,8082226,6e98ece659675930558159244135e3cfc88d87de516764bbfe14825e42b394b0
data/results/fulltest10k/c100/logits_P4_n10000_per_image.csv,185860,1560497f722ec18a4b2cc23c596ad751309d2fdf85926eda2a8dfc104fc99d52
data/results/fulltest10k/c100/logits_s13_n10000.pt,8082235,89f74a09807300b2adeaef6e5bf8cac4b10c2b72712c4ca6c196267d1299e9ad
data/results/fulltest10k/c100/logits_s13_n10000_per_image.csv,185883,c1e5f740d29fc079b83e10eb8da55eaeb479ae6ab966a75d71516d2032939f86
data/results/fulltest10k/c100/logits_s21_n10000.pt,8082235,1eb4e068af17a38a76221ae311a48f41e09e118f803221411ad39122336e648d
data/results/fulltest10k/c100/logits_s21_n10000_per_image.csv,185956,21ecb07e73c8588bed968c50f1e181402c6228408b2f8a10a057884005ac7099
data/results/fulltest10k/c100/logits_s34_n10000.pt,8082235,94cc2681d4f7c7e25e647022bb03efa41d14aacb2718fc8bdcdf5a2d84674e09
data/results/fulltest10k/c100/logits_s34_n10000_per_image.csv,185937,3ac5dfd072a27446b22d179854d834857c158fcef9f9ddaa9309cdccf9441dbc
data/results/fulltest10k/c100/logits_s55_n10000.pt,8082235,36e6c4aaf704d8ad0f4766cc3fde37018c00e4899944c7985b69daaf55906b4c
data/results/fulltest10k/c100/logits_s55_n10000_per_image.csv,185966,b6219af34ab7818779f807332b1cb8346d2713516537d2c599ee772c0dfb9e13
data/results/fulltest10k/c100/logits_s89_n10000.pt,8082235,63c0f3cfe222ccb3336e68fd6ac98a125532b0fda83c78ef0629012f55874075
data/results/fulltest10k/c100/logits_s89_n10000_per_image.csv,185889,61554e06a214fa745f3a5d1dd832738cebadb01c6611dad3ec6e438b42cdd9e2
data/results/fulltest10k/c100/summary.json,3782,6b764a3cd7355e96d8636c396d3cedf64ab7c8046bc7153a033a0653b8e2f92d
data/results/screens/preclip_overflow/summary.json,6811,85bc81e2ab41731d747125f23210d6868d3a78dde3c43b0ce591e8011ccc4e08
data/results/screens/stage_residual_ratio/protocol.json,1072,57da37f0664f28a7cacdce60c2959ad44022d21b2f0b2c9735250778f8446110
data/results/screens/stage_residual_ratio/summary.json,6570,7dd09931daf3c4bedc3be92b47ab50a2ecb96b7c03e33a180e6ef584c760a1a3
data/results/supplementary/fulltest10k_c100_alt_calibration/logits_P4_n10000.pt,8082226,ba7ed742750a14df5fd16ec5cc29dbeddd798477cbb463a144308fe8bc2009e6
data/results/supplementary/fulltest10k_c100_alt_calibration/logits_P4_n10000_per_image.csv,185896,3c8613cdfebb719d5cc8c58996c81837987a153f5b08dd5d6f37cba0d28fd290
data/results/supplementary/fulltest10k_c100_alt_calibration/logits_s13_n10000.pt,8082235,023884a8b0d0da03e5764edc186e91017d619d7c2dd7740072ecaf6d819153ab
data/results/supplementary/fulltest10k_c100_alt_calibration/logits_s13_n10000_per_image.csv,185864,31f988c2fdcfe70f44c8f16e3c20ac3cac49ca71330f3b762e21cd1640f4719e
data/results/supplementary/fulltest10k_c100_alt_calibration/logits_s21_n10000.pt,8082235,398ead999666c38216830e7e1c17045336d7543e32b64c5ae6f68617f47f7e1d
data/results/supplementary/fulltest10k_c100_alt_calibration/logits_s21_n10000_per_image.csv,185941,78f7f3e3a19f738fa8f59cc7ba29a59b31af86826cdc0017cc3efb3dc0bec1e5
data/results/supplementary/fulltest10k_c100_alt_calibration/logits_s34_n10000.pt,8082235,2f1bad6540fd549e3e593fa4e03a9287afdbea1b06a7b03e3ebd14a241a38449
data/results/supplementary/fulltest10k_c100_alt_calibration/logits_s34_n10000_per_image.csv,185944,1480dcda62b934e410e0f6993cfe70256dfd3705364d0b54553936bd1e7a9fc8
data/results/supplementary/fulltest10k_c100_alt_calibration/logits_s55_n10000.pt,8082235,6d1e1a2b736cfd58b4f7e341fe19f48273ab1f85a1ef60601e445437175d936a
data/results/supplementary/fulltest10k_c100_alt_calibration/logits_s55_n10000_per_image.csv,185974,3937be2196fc0b06cd911e0d246bcc2c06d7aee5f4704a0c213c002d0522f0f2
data/results/supplementary/fulltest10k_c100_alt_calibration/logits_s89_n10000.pt,8082235,0a471244b967fb3a1889a025d62a47b09f612d7aa9296026b715db0251122f48
data/results/supplementary/fulltest10k_c100_alt_calibration/logits_s89_n10000_per_image.csv,185867,5e996b979d6b3628b18b380eacf81fc35b61ef6ad0b9fb37c92b82998668b6e4
data/results/supplementary/fulltest10k_c100_alt_calibration/summary.json,1328,c48eed27cbd8fb94d787d8a78d2f2896cee9cefb2edbb966fed878882f0b64f7
data/results/supplementary/fulltest10k_c100_alt_calibration/summary_g13b.json,3665,8ec856a74ad5f8278a85df0c2e855b8e2609cdd5abde0de029fd2189cdc3d194
data/results/training/c100_matched_seeds/summary.json,1648,ad2243f9bfdacd4579e7be338feadde2a510f2dcddec03931c0a2fc69ae9133d
data/results/window512/c100_matched_seeds/logits_s13.pt,415868,4e3d74c433cc79e08342ce4f921925c709f9ac96da0e9c289244827b17facf98
data/results/window512/c100_matched_seeds/logits_s13_per_image.csv,9004,f79357256698d5178dc94f73148f2eaa57ed105b82066666ebcf1f49dfe18014
data/results/window512/c100_matched_seeds/logits_s21.pt,415868,e09356a07d0abd3118c4c95057db36e653f1c1656ba0ba3ccee9e02861c4bf2c
data/results/window512/c100_matched_seeds/logits_s21_per_image.csv,9003,fa883b261dcc7462909ae74990518df5d4cee4abb57efd90797838a3bc7b851b
data/results/window512/c100_matched_seeds/logits_s34.pt,415868,23008714b9754f5dcfb0ae57474c3f3cf8a02d4ae0b589989b6ee08b653778bf
data/results/window512/c100_matched_seeds/logits_s34_per_image.csv,8993,4ac000091ba75306c5da635770892a94ba31862c65ba8b1d7dd098a5c1ddc7ee
data/results/window512/c100_matched_seeds/logits_s55.pt,415868,95fb61cd843b99fe21dafceb066a699fd199d98ef1d04ddf4673f290ab8c2a29
data/results/window512/c100_matched_seeds/logits_s55_per_image.csv,8998,c618d50a8ac09f0de813579c0822bdf33a20162de0d8b16a99776fff9a35efcc
data/results/window512/c100_matched_seeds/logits_s89.pt,415868,99b949fba7ac29418c199e4f6aef83be2de805e9f466e425dd3d7fcb34873e81
data/results/window512/c100_matched_seeds/logits_s89_per_image.csv,8995,d3ec97f31d584e3e16d579b6f904255e9c15e6567ccbed3fae4a20de90ab4fe6
data/results/window512/c100_matched_seeds/summary.json,4781,5b9b4cec35deaa53fe1a94975714d94a7831b069218a4c4767892eec0d425682
data/results/window512/paired_intervals/summary.json,5444,42a985a53b3df46486d92b2edaf5d677ede644287dc22bb40e14be5c4a89f238
data/results/window512/resnet18_c100_prior/logits.pt,415640,9d4d43310b24e2ec7954bc1f012eca14cdd0fbdc77598bac34b6d15330e25898
data/results/window512/resnet18_c100_prior/logits_per_image.csv,8987,5c433188298ad5436e3cd4670df18d73626d15f76b7bed68d3bd36953562a892
data/results/window512/resnet18_c100_prior/summary.json,3264,498515ebac4d1b49262d25fd52d5d8f13a9ef50611c381f757051ce76af97cbf
data/results/window512/resnet18_c100_s5678_earlystop/logits.pt,415640,36196f64fdf13ef4bfb932f10a38b13ba12b3ddc2b8313d271e396a7039b2e92
data/results/window512/resnet18_c100_s5678_earlystop/logits_per_image.csv,8981,3b418b5e5129d600c8c2e6c9cea201f700684056e72410267ecd7facf2fabb96
data/results/window512/resnet18_c100_s5678_earlystop/summary.json,3359,ec6baf0129fa7c175be84d9fedfeedf99b57a8c198c00848a2c3b5612a4e74f1
data/results/window512/resnet18_c10_a/logits.pt,47000,a8c0fe5bb0604258c40aebb42900fd59ab35dde856060f1cfc00a6210a96f7b1
data/results/window512/resnet18_c10_a/logits_per_image.csv,7628,9a2cae5c259c379bcf0a9d4106dcc9445d40d03479af0dd2253a0c392ce5fa54
data/results/window512/resnet18_c10_a/summary.json,1742,9bc57eb799f88d58b628da2cecd0f34def4ccc48dfc1b9c1943760c1a31142ad
data/results/window512/resnet18_c10_s5678/logits.pt,47000,5dccea5797a9abcc0898ed9879cc422926bfd78915382d42c1844d05f9b76e4b
data/results/window512/resnet18_c10_s5678/logits_per_image.csv,7628,1429ea3129493ce340bda3c8537ce5a4c39e4ebdf0bddd5081ddecb5b7a37b28
data/results/window512/resnet18_c10_s5678/summary.json,2888,980b7ef769e39fe27a70a9d08b1793a6086c4de740904b2b1cc08889138b765f
data/results/window512/resnet18_c10_s5678/train.json,978,ca6cc2c4a767972b159b309e165587cdfa7cadbcec87ce1ae97451e6faf24b6b
data/results/window512/vgg8_a/cells.csv,140,43256fb9d082eb4cae6682b525af20b188f955ca9938f19e582d6f35fe02963b
data/results/window512/vgg8_a/logits.pt,69838,3629b54b7e852feab6248007de11be1b8f8e326f8011e1586d763edf5e8822c5
data/results/window512/vgg8_a/logits_per_image.csv,7628,aa12cc58e4564baf890e6f99b2ee874aaec10b02cfceb4a164848c77e688c4a8
data/results/window512/vgg8_a/protocol.json,781,3b007adefbc0c5e775bd3d9d4162d3807525cb6684c9df403ab9a9bc134641c8
data/results/window512/vgg8_a/summary.json,2115,c83ecb953e4793b117f706498ae3e9a9cc28f2660e2ab089e6a4088d2109290b
verification.json,6341,131c7fec43a0c8fb70d8924c7fe4bffc15126bcf0e39b4f22d881bcf0b4befdf
