gate,question,status,closed_at_utc,result,notes
0a,Model dependency wrapper-only (not quantization core)?,PASS,2026-09-05T00:00:00+00:00,wrapper=model load+top1; kernel=Conv2d/Linear only,inference.py has no model/dataset asserts; evaluate() is classification-only
A,Does quantization reach DnCNN (nonzero reproducible ADC=5 vs nominal delta)?,PASS,2026-09-05T00:59:27.447903+00:00,delta_nonzero=True; bit_exact=True; dncnn_max_abs=1.27e-7; bind_max_abs=292.5,untrained DnCNN output collapsed to ~0.03678 so abs delta is tiny; single CIMConv2d(64,64,3) w=1 x=1 proves ADC clamp binds (y0~-585 vs y5~-292); all 17 layers quantized including first; hardware=0; output_noise unused
2a,Reproduce published DnCNN-S Set12 sigma=25 FP PSNR within 0.20 dB?,PASS,2026-09-05T01:03:48.658774+00:00,mean_psnr=30.2695; paper=30.44; delta=-0.171; ssim=0.8495,KAIR dncnn_25.pth; numpy seed 0; uint8 PSNR; residual inside model; BN merged; ceiling locked to measured 30.27 not paper 30.44
2s,Published DnCNN CIM smoke: ADC-off near FP and ADC-5 far?,LOGGED,2026-09-05T01:06:12.428316+00:00,dpsnr_off=-0.293; dpsnr_adc5=-12.250; max_abs=20.110,Set12/01.png center 64x64; not Gate B; do not headline
B,Bracket usable ADC window on published DnCNN Set12 64x64 crops?,PASS,2026-09-05T01:09:41.930147+00:00,min_viable=6; off=-0.306; 4=-23.6; 5=-20.0; 6..12=off,cliff not slope; hardware=0 clamp vs 2**bits; parallel_read=64 explains 6==off; crop protocol not full-image ceiling
2c,VGG8 CIFAR-10 FP32 from Paper3 ckpt near 89.66?,PASS,2026-09-05T05:45:02.743856+00:00,paper3=90.190; p5_train=90.310; comment=89.66,primary=paper3; p5_train is second ckpt; V1.4 WAGE unused
Bclf,VGG8 512-sample ADC window vs 1.0 pp FP?,PASS,2026-09-05T06:09:06.586353+00:00,min_viable=5; off=-0.195; 4=-82.0; 5..12=off,ADC=5 contrast vs DnCNN min_viable=6; hardware=0 clamp; not full 10k
2d,ResNet-18 CIFAR-100 FP32 near 75.59 with training-matched norm?,PASS,2026-09-05T23:08:49.436267+00:00,primary=78.02 (seed5678, 0.5-norm); second=72.93 (p3/p4 identical file); official-norm=52.75 discarded,norm leak: these ckpts were trained with 0.5 not dataset.py CIFAR-100 stats; cifar10 sanity 90.04
Bclf2,ResNet-18 512-sample ADC window vs 1.0 pp FP?,PASS,2026-09-05T23:33:59.426605+00:00,min_viable=6; off=+0.586; 4=-77.1; 5=-3.711 FAIL; 6..12=off,ADC=5 fails locked 1pp unlike VGG8; still classifies (74.4 vs chance 1.0); hardware=0 clamp; not full 10k
C,Is the DnCNN 6-bit floor analog ADC or hardware=0 clamp?,PASS,2026-09-05T23:38:19.815273+00:00,hw1_var-off == hw0; 6==off; 5=-12.25 both; analog-digital@6=0.0,01.png center 64x64; read_noise=v=output_noise=0; clamp vs 2**bits / parallel_read=64; not a full analog campaign
2e,U-Net bilinear Oxford Pet FP32 mIoU ceiling locked?,PASS,2026-09-06T07:17:42.864846+00:00,mIoU3=0.7293; petbg=0.8989; n=3669; accept>=0.7193,trained 15 ep base32 128px; no published pair; recovered_ram 0.041 discarded; ConvTranspose=0
Bseg,U-Net 128-image ADC window vs 0.01 FP mIoU?,PASS,2026-09-06T07:33:25.160113+00:00,min_viable=6; off=-0.0028; 4=-0.670; 5=-0.300 FAIL; 6..12=off,ADC=5 pixel-argmax fails locked 0.01 unlike VGG8; not chance (0.415 vs 0.044); hardware=0 clamp; not full 3669
2f,MSRResNet x4 Set5 FP32 Y-PSNR near 32.21 with MATLAB bicubic LR?,PASS,2026-09-06T07:55:25.584451+00:00,mean=32.208; lit=32.21; d=-0.002; bicubic=28.42; accept>=31.708,KAIR msrresnet_x4_psnr.pth + imresize_np; OpenCV INTER_CUBIC 23.56/27.73 discarded; PixelShuffle; no ConvTranspose
Bsr,MSRResNet Set5 ADC window vs 0.5 dB FP Y-PSNR?,PASS,2026-09-06T07:59:49.401423+00:00,min_viable=6; off=-0.094; 4=-26.8; 5=-24.6 FAIL; 6..12=off,ADC=5 matches DnCNN collapse (no argmax); MATLAB LR; PixelShuffle FP; hardware=0 clamp
2g,Does the DnCNN ADC=5 cliff hold on a full Set12 image?,LOGGED,2026-09-06T08:01:58.990861+00:00,full01 256: off=-0.293; 5=-24.304; 6=off; FP=30.208,off matches 64-crop smoke; ADC=5 worse than crop -12.25; not 12-image full ceiling
D,Is ADC=5 DnCNN error aligned with 128x128 tiles vs matched shuffle?,LOGGED,2026-09-06T08:03:49.301201+00:00,rmse=22.0; tile-std 0.53 vs ctrl 0.07; bound/int 0.79 vs 1.01,no seam artifact; large negative bias; all 4 tiles collapsed; figure candidate only
Bclfr,VGG8 second ckpt 512-sample ADC window still min_viable=5?,PASS,2026-09-06T08:15:04.775423+00:00,min_viable=5; off=-0.391; 4=-81.1; 5=-0.586 PASS; 6..12=off,p5_train 90.31 full-test; this 512 FP=91.016; Paper4 ckpt-repeat holds; hardware=0 clamp
E,VGG8 primary: shift vs RMSE-matched leftover symmetric on logits?,LOGGED,2026-09-06T09:01:34.112829+00:00,verdict=OUTCOME3; rho=1.0282; z5=91.406; shift=91.602; sym_mean=91.094±0.518,"rho>0.50 -> common-mode model rejected; VGG8 clamp-tolerant, reason unknown; no shift claim"
Ed,DnCNN 01.png sanity: leftover-matched symmetric vs clip residual?,LOGGED,2026-09-06T09:04:38.361578+00:00,rho=0.3807; p5=5.904; shift=5.582; sym_mean=5.268; rmse8=5601.90,"pixel residual is mostly a global median shift (Gate D bias); y_shift≈y_5 fails PSNR; leftover-matched y_sym stays nearer FP. Contrast with VGG8 logits, not a new VGG8 mechanism."
Ed2,DnCNN 01.png leftover match AFTER clamp01?,LOGGED,2026-09-06T09:06:22.836989+00:00,rho=0.5640; p5=5.904; shift=6.984; sym_mean=12.108; rmse8=128.91,After clamp01 the displayed error is not a global median. Sanity only. VGG8 Outcome 3 unchanged.
