image_id,label,pred_fp,pred_clip,correct_fp,correct_clip
0,49,68,68,0,0
1,33,33,33,1,1
2,72,72,72,1,1
3,51,51,51,1,1
4,71,71,71,1,1
5,92,6,6,0,0
6,15,15,15,1,1
7,14,14,14,1,1
8,23,71,71,0,0
9,0,0,0,1,1
10,71,12,12,0,0
11,75,75,75,1,1
12,81,81,81,1,1
13,69,69,69,1,1
14,40,40,40,1,1
15,43,43,43,1,1
16,92,92,92,1,1
17,97,97,97,1,1
18,70,70,70,1,1
19,53,53,53,1,1
20,70,70,70,1,1
21,49,49,49,1,1
22,75,75,75,1,1
23,29,89,89,0,0
24,21,21,21,1,1
25,16,16,16,1,1
26,39,39,39,1,1
27,8,8,8,1,1
28,8,8,8,1,1
29,70,29,45,0,0
30,20,20,20,1,1
31,61,22,22,0,0
32,41,41,45,1,0
33,93,73,73,0,0
34,56,56,56,1,1
35,73,65,27,0,0
36,58,58,58,1,1
37,11,35,35,0,0
38,25,25,25,1,1
39,37,37,37,1,1
40,63,63,63,1,1
41,24,24,24,1,1
42,49,49,32,1,0
43,73,30,30,0,0
44,56,56,56,1,1
45,22,22,22,1,1
46,41,41,41,1,1
47,58,58,58,1,1
48,75,51,51,0,0
49,17,76,76,0,0
50,4,4,4,1,1
51,6,6,6,1,1
52,9,9,9,1,1
53,57,57,57,1,1
54,2,2,2,1,1
55,32,32,32,1,1
56,71,71,71,1,1
57,52,52,52,1,1
58,42,42,42,1,1
59,69,69,69,1,1
60,77,77,77,1,1
61,27,67,67,0,0
62,15,4,4,0,0
63,65,65,65,1,1
64,7,62,62,0,0
65,35,98,98,0,0
66,43,43,43,1,1
67,82,62,62,0,0
68,63,63,63,1,1
69,92,92,92,1,1
70,66,66,66,1,1
71,90,89,89,0,0
72,67,67,67,1,1
73,91,91,91,1,1
74,32,76,76,0,0
75,32,32,32,1,1
76,82,82,82,1,1
77,10,10,10,1,1
78,77,77,77,1,1
79,22,40,40,0,0
80,71,71,71,1,1
81,78,78,78,1,1
82,54,54,54,1,1
83,6,6,6,1,1
84,29,29,7,1,0
85,89,89,89,1,1
86,78,78,78,1,1
87,33,42,42,0,0
88,11,11,11,1,1
89,67,67,67,1,1
90,22,22,22,1,1
91,18,18,18,1,1
92,27,27,27,1,1
93,21,21,21,1,1
94,13,13,13,1,1
95,21,21,21,1,1
96,50,50,50,1,1
97,75,75,14,1,0
98,37,37,37,1,1
99,35,35,35,1,1
100,26,26,26,1,1
101,83,83,83,1,1
102,47,47,47,1,1
103,95,86,10,0,0
104,43,43,43,1,1
105,69,69,69,1,1
106,76,76,76,1,1
107,17,17,17,1,1
108,57,57,57,1,1
109,59,59,59,1,1
110,25,25,25,1,1
111,20,20,20,1,1
112,27,27,27,1,1
113,0,0,0,1,1
114,9,9,9,1,1
115,71,71,71,1,1
116,8,8,8,1,1
117,43,43,43,1,1
118,57,57,57,1,1
119,56,56,56,1,1
120,85,85,85,1,1
121,10,65,65,0,0
122,19,19,19,1,1
123,92,92,92,1,1
124,33,33,33,1,1
125,20,20,20,1,1
126,21,21,21,1,1
127,50,88,88,0,0
128,70,70,70,1,1
129,46,46,46,1,1
130,11,2,2,0,0
131,16,16,16,1,1
132,1,1,1,1,1
133,74,74,74,1,1
134,33,80,80,0,0
135,91,91,91,1,1
136,60,60,60,1,1
137,64,15,15,0,0
138,52,52,52,1,1
139,23,23,23,1,1
140,4,4,4,1,1
141,11,11,11,1,1
142,52,52,52,1,1
143,37,17,17,0,0
144,24,7,7,0,0
145,95,95,95,1,1
146,25,41,41,0,0
147,39,39,39,1,1
148,51,51,51,1,1
149,58,58,58,1,1
150,58,41,41,0,0
151,77,77,77,1,1
152,18,18,18,1,1
153,59,60,60,0,0
154,45,45,45,1,1
155,66,66,66,1,1
156,58,58,58,1,1
157,20,20,20,1,1
158,24,79,24,0,1
159,4,50,50,0,0
160,36,36,36,1,1
161,8,8,8,1,1
162,87,87,87,1,1
163,10,16,16,0,0
164,30,30,38,1,0
165,47,47,47,1,1
166,54,54,54,1,1
167,99,99,99,1,1
168,51,51,51,1,1
169,83,83,83,1,1
170,9,9,9,1,1
171,37,81,81,0,0
172,4,4,4,1,1
173,83,83,83,1,1
174,95,95,95,1,1
175,83,45,26,0,0
176,32,95,95,0,0
177,73,73,95,1,0
178,18,18,18,1,1
179,40,40,40,1,1
180,39,39,39,1,1
181,64,26,26,0,0
182,22,22,22,1,1
183,80,80,80,1,1
184,28,16,16,0,0
185,28,28,28,1,1
186,40,11,11,0,0
187,95,95,95,1,1
188,98,98,98,1,1
189,83,83,83,1,1
190,12,12,12,1,1
191,24,7,7,0,0
192,45,45,31,1,0
193,13,13,13,1,1
194,94,94,94,1,1
195,24,24,24,1,1
196,58,58,58,1,1
197,63,63,63,1,1
198,7,7,7,1,1
199,87,87,87,1,1
200,6,6,6,1,1
201,78,78,78,1,1
202,68,68,68,1,1
203,60,60,60,1,1
204,6,6,6,1,1
205,23,23,23,1,1
206,44,44,44,1,1
207,31,31,31,1,1
208,80,80,80,1,1
209,93,93,93,1,1
210,73,30,3,0,0
211,98,98,98,1,1
212,49,49,40,1,0
213,90,90,90,1,1
214,97,97,97,1,1
215,59,59,59,1,1
216,2,53,2,0,1
217,67,30,30,0,0
218,16,86,83,0,0
219,81,81,81,1,1
220,94,94,94,1,1
221,27,45,1,0,0
222,76,23,23,0,0
223,77,77,77,1,1
224,12,12,12,1,1
225,18,44,44,0,0
226,0,0,0,1,1
227,76,76,76,1,1
228,79,79,79,1,1
229,71,71,71,1,1
230,89,89,40,1,0
231,57,57,57,1,1
232,47,47,47,1,1
233,24,24,66,1,0
234,65,65,65,1,1
235,0,10,10,0,0
236,32,32,32,1,1
237,36,36,36,1,1
238,82,82,82,1,1
239,31,31,31,1,1
240,23,23,23,1,1
241,24,24,24,1,1
242,34,34,34,1,1
243,21,21,21,1,1
244,11,35,35,0,0
245,53,53,53,1,1
246,80,80,80,1,1
247,44,44,44,1,1
248,4,4,4,1,1
249,39,39,39,1,1
250,91,91,91,1,1
251,16,16,16,1,1
252,36,36,36,1,1
253,68,68,68,1,1
254,50,50,50,1,1
255,97,66,66,0,0
256,58,58,58,1,1
257,31,31,31,1,1
258,6,6,6,1,1
259,42,42,42,1,1
260,80,80,80,1,1
261,76,76,76,1,1
262,89,89,89,1,1
263,55,55,55,1,1
264,19,19,19,1,1
265,91,91,91,1,1
266,70,62,62,0,0
267,1,1,1,1,1
268,6,6,6,1,1
269,62,48,48,0,0
270,99,99,99,1,1
271,51,51,51,1,1
272,96,96,96,1,1
273,83,0,0,0,0
274,42,42,42,1,1
275,18,18,18,1,1
276,67,67,30,1,0
277,66,80,80,0,0
278,40,40,40,1,1
279,62,62,62,1,1
280,78,78,78,1,1
281,84,84,84,1,1
282,28,28,28,1,1
283,89,89,89,1,1
284,30,30,30,1,1
285,66,66,66,1,1
286,18,6,6,0,0
287,38,38,38,1,1
288,42,42,42,1,1
289,92,92,92,1,1
290,27,74,27,0,1
291,11,11,11,1,1
292,86,86,86,1,1
293,44,44,44,1,1
294,96,96,96,1,1
295,12,12,12,1,1
296,16,16,16,1,1
297,67,67,67,1,1
298,43,34,34,0,0
299,89,89,89,1,1
300,96,96,96,1,1
301,12,12,12,1,1
302,40,40,40,1,1
303,7,7,0,1,0
304,86,73,73,0,0
305,77,99,99,0,0
306,76,76,76,1,1
307,31,31,31,1,1
308,18,18,18,1,1
309,28,28,28,1,1
310,19,19,19,1,1
311,18,18,18,1,1
312,41,41,55,1,0
313,42,42,42,1,1
314,43,80,80,0,0
315,31,31,31,1,1
316,93,93,93,1,1
317,15,15,15,1,1
318,10,61,61,0,0
319,8,8,8,1,1
320,37,17,17,0,0
321,89,17,89,0,1
322,32,32,32,1,1
323,67,67,67,1,1
324,12,12,12,1,1
325,2,2,2,1,1
326,19,92,19,0,1
327,91,91,91,1,1
328,94,94,94,1,1
329,7,79,79,0,0
330,71,71,71,1,1
331,36,36,36,1,1
332,61,61,61,1,1
333,62,62,62,1,1
334,5,5,5,1,1
335,60,60,60,1,1
336,45,45,45,1,1
337,91,73,73,0,0
338,34,34,34,1,1
339,95,95,95,1,1
340,9,9,9,1,1
341,40,1,1,0,0
342,68,68,68,1,1
343,62,62,62,1,1
344,99,18,18,0,0
345,66,66,66,1,1
346,46,46,46,1,1
347,7,24,24,0,0
348,10,10,10,1,1
349,10,10,10,1,1
350,68,68,68,1,1
351,34,34,34,1,1
352,37,13,33,0,0
353,58,58,58,1,1
354,48,48,48,1,1
355,40,40,40,1,1
356,96,96,96,1,1
357,14,88,88,0,0
358,11,11,11,1,1
359,66,66,66,1,1
360,64,64,64,1,1
361,39,39,39,1,1
362,33,33,33,1,1
363,94,94,94,1,1
364,63,63,63,1,1
365,10,10,10,1,1
366,89,88,88,0,0
367,92,54,54,0,0
368,90,12,12,0,0
369,65,65,65,1,1
370,90,90,90,1,1
371,33,33,33,1,1
372,28,28,28,1,1
373,29,29,29,1,1
374,87,84,84,0,0
375,86,86,86,1,1
376,7,7,7,1,1
377,0,0,0,1,1
378,94,94,94,1,1
379,11,35,35,0,0
380,26,26,26,1,1
381,6,6,6,1,1
382,41,41,50,1,0
383,21,50,50,0,0
384,69,69,69,1,1
385,27,27,27,1,1
386,29,29,55,1,0
387,67,67,67,1,1
388,85,85,85,1,1
389,65,65,65,1,1
390,40,40,40,1,1
391,57,57,57,1,1
392,72,72,72,1,1
393,30,30,30,1,1
394,74,50,50,0,0
395,27,27,27,1,1
396,3,4,4,0,0
397,49,49,49,1,1
398,52,52,52,1,1
399,95,30,95,0,1
400,40,40,40,1,1
401,93,93,93,1,1
402,77,74,74,0,0
403,91,25,25,0,0
404,6,6,6,1,1
405,57,57,57,1,1
406,72,72,72,1,1
407,16,16,16,1,1
408,98,98,98,1,1
409,89,89,89,1,1
410,40,40,40,1,1
411,96,47,47,0,0
412,71,71,71,1,1
413,3,3,3,1,1
414,2,11,11,0,0
415,66,66,66,1,1
416,27,65,65,0,0
417,8,8,8,1,1
418,53,53,53,1,1
419,33,96,96,0,0
420,55,4,4,0,0
421,81,58,58,0,0
422,88,88,88,1,1
423,96,96,96,1,1
424,68,68,68,1,1
425,42,42,42,1,1
426,77,77,77,1,1
427,10,10,10,1,1
428,27,27,27,1,1
429,32,32,32,1,1
430,79,79,55,1,0
431,98,98,98,1,1
432,18,77,40,0,0
433,51,51,51,1,1
434,2,11,11,0,0
435,19,19,19,1,1
436,31,31,31,1,1
437,67,67,67,1,1
438,36,36,36,1,1
439,10,10,10,1,1
440,16,16,16,1,1
441,5,5,5,1,1
442,81,81,81,1,1
443,85,85,85,1,1
444,26,79,79,0,0
445,85,85,85,1,1
446,65,65,65,1,1
447,22,22,22,1,1
448,55,55,55,1,1
449,85,85,85,1,1
450,22,22,22,1,1
451,22,22,22,1,1
452,10,10,10,1,1
453,18,18,18,1,1
454,98,36,36,0,0
455,9,9,22,1,0
456,26,26,26,1,1
457,27,27,27,1,1
458,7,7,7,1,1
459,5,5,5,1,1
460,58,58,58,1,1
461,87,87,87,1,1
462,76,76,76,1,1
463,2,11,11,0,0
464,54,14,14,0,0
465,38,38,38,1,1
466,33,33,33,1,1
467,17,17,17,1,1
468,6,6,6,1,1
469,0,0,0,1,1
470,79,79,79,1,1
471,97,97,97,1,1
472,14,14,14,1,1
473,14,14,14,1,1
474,73,73,73,1,1
475,79,79,79,1,1
476,8,89,88,0,0
477,42,42,42,1,1
478,4,6,4,0,1
479,25,5,5,0,0
480,37,37,37,1,1
481,75,75,75,1,1
482,74,74,74,1,1
483,41,41,41,1,1
484,0,0,0,1,1
485,99,99,23,1,0
486,79,79,79,1,1
487,87,87,87,1,1
488,67,67,67,1,1
489,72,72,72,1,1
490,38,38,38,1,1
491,25,25,94,1,0
492,49,49,49,1,1
493,3,3,3,1,1
494,74,74,74,1,1
495,69,69,30,1,0
496,36,36,36,1,1
497,77,77,77,1,1
498,89,89,89,1,1
499,71,71,71,1,1
500,31,43,43,0,0
501,50,22,22,0,0
502,90,90,90,1,1
503,11,11,11,1,1
504,2,64,64,0,0
505,41,41,55,1,0
506,38,38,38,1,1
507,58,58,58,1,1
508,47,47,47,1,1
509,93,93,93,1,1
510,68,68,68,1,1
511,11,11,11,1,1
